<?xml version="1.0" ?>
<LOG_ROOT>
	<PROJECT NAME="Main_skt">
		<CBX_INST_ENTRY INSTANCE_NAME="|Main_skt|Attenuator16:B1_C035|lpm_mult:Mult0|multcore:mult_core|mpar_add:padder|mpar_add:sub_par_add|lpm_add_sub:adder[0]" CBX_FILE_NAME="add_sub_4ch.tdf"/>
		<CBX_INST_ENTRY INSTANCE_NAME="|Main_skt|Attenuator16:B1_C045|lpm_mult:Mult0|multcore:mult_core|mpar_add:padder|lpm_add_sub:adder[1]" CBX_FILE_NAME="add_sub_ach.tdf"/>
		<CBX_INST_ENTRY INSTANCE_NAME="|Main_skt|Attenuator16:B1_C046|lpm_mult:Mult0|multcore:mult_core|mpar_add:padder|lpm_add_sub:adder[0]" CBX_FILE_NAME="add_sub_ach.tdf"/>
		<CBX_INST_ENTRY INSTANCE_NAME="|Main_skt|Attenuator16:B1_C036|lpm_mult:Mult0|multcore:mult_core|mpar_add:padder|lpm_add_sub:adder[0]" CBX_FILE_NAME="add_sub_9ch.tdf"/>
		<CBX_INST_ENTRY INSTANCE_NAME="|Main_skt|Attenuator16:B1_C036|lpm_mult:Mult0|multcore:mult_core|mpar_add:padder|mpar_add:sub_par_add|lpm_add_sub:adder[0]" CBX_FILE_NAME="add_sub_4ch.tdf"/>
		<CBX_INST_ENTRY INSTANCE_NAME="|Main_skt|Attenuator16:B1_C045|lpm_mult:Mult0|multcore:mult_core|mpar_add:padder|lpm_add_sub:adder[0]" CBX_FILE_NAME="add_sub_ach.tdf"/>
		<CBX_INST_ENTRY INSTANCE_NAME="|Main_skt|Attenuator16:B1_C045|lpm_mult:Mult0|multcore:mult_core|mpar_add:padder|mpar_add:sub_par_add|lpm_add_sub:adder[0]" CBX_FILE_NAME="add_sub_5ch.tdf"/>
		<CBX_INST_ENTRY INSTANCE_NAME="|Main_skt|Attenuator16:B1_C046|lpm_mult:Mult0|multcore:mult_core|mpar_add:padder|lpm_add_sub:adder[1]" CBX_FILE_NAME="add_sub_ach.tdf"/>
		<CBX_INST_ENTRY INSTANCE_NAME="|Main_skt|Attenuator16:B1_C035|lpm_mult:Mult0|multcore:mult_core|mpar_add:padder|lpm_add_sub:adder[0]" CBX_FILE_NAME="add_sub_9ch.tdf"/>
		<CBX_INST_ENTRY INSTANCE_NAME="|Main_skt|Attenuator16:B1_C046|lpm_mult:Mult0|multcore:mult_core|mpar_add:padder|mpar_add:sub_par_add|lpm_add_sub:adder[0]" CBX_FILE_NAME="add_sub_5ch.tdf"/>
	</PROJECT>
</LOG_ROOT>
